                  epoch,         train/box_loss,         train/cls_loss,         train/dfl_loss,   metrics/precision(B),      metrics/recall(B),       metrics/mAP50(B),    metrics/mAP50-95(B),           val/box_loss,           val/cls_loss,           val/dfl_loss,                 lr/pg0,                 lr/pg1,                 lr/pg2
                      1,                 1.7745,                 1.7406,                 1.1551,                0.72013,                0.60478,                0.66489,                0.39529,                 1.6961,                 1.1887,                 1.0493,              0.0033157,              0.0033157,              0.0033157
                      2,                 1.6433,                   1.01,                 1.0537,                0.85584,                0.73068,                0.80284,                0.48273,                  1.507,                0.90983,                 1.0179,              0.0066161,              0.0066161,              0.0066161
                      3,                 1.6268,                0.95769,                 1.0482,                0.81599,                0.71882,                0.78287,                0.44716,                 1.5888,                0.95152,                 1.0494,              0.0098835,              0.0098835,              0.0098835
                      4,                 1.6214,                 0.9071,                 1.0489,                0.83196,                0.69256,                0.78364,                0.44438,                  1.603,                0.90572,                 1.0628,              0.0098515,              0.0098515,              0.0098515
                      5,                 1.6002,                0.85127,                 1.0398,                0.86094,                0.73445,                0.80278,                0.47702,                 1.5346,                0.80985,                 1.0258,              0.0098515,              0.0098515,              0.0098515
                      6,                 1.5773,                0.81671,                 1.0337,                0.86123,                0.75668,                0.84664,                0.50462,                 1.5263,                0.77221,                 1.0319,               0.009802,               0.009802,               0.009802
                      7,                  1.549,                0.79043,                 1.0331,                0.87492,                0.77355,                0.86026,                0.51504,                 1.5007,                0.75495,                 1.0135,              0.0097525,              0.0097525,              0.0097525
                      8,                 1.5522,                0.77578,                  1.027,                  0.876,                0.76498,                 0.8524,                0.51047,                   1.51,                 0.7448,                 1.0269,               0.009703,               0.009703,               0.009703
                      9,                 1.5193,                0.76001,                 1.0261,                0.87887,                0.76822,                0.85516,                0.52145,                 1.5011,                0.73102,                 1.0152,              0.0096535,              0.0096535,              0.0096535
                     10,                 1.5328,                0.75013,                 1.0203,                0.87199,                0.79009,                0.85001,                0.51684,                 1.4758,                0.75446,                 1.0149,               0.009604,               0.009604,               0.009604
                     11,                   1.51,                0.73514,                 1.0222,                0.87416,                0.78445,                0.87114,                 0.5248,                 1.5005,                0.70255,                 1.0153,              0.0095545,              0.0095545,              0.0095545
                     12,                 1.5099,                0.73074,                 1.0191,                0.88689,                0.79985,                0.86942,                0.53583,                 1.4648,                0.68805,                 1.0078,               0.009505,               0.009505,               0.009505
                     13,                 1.5023,                 0.7208,                 1.0191,                0.88491,                0.77762,                0.85078,                0.52709,                 1.4559,                0.69498,                 1.0039,              0.0094555,              0.0094555,              0.0094555
                     14,                 1.5119,                0.72212,                 1.0148,                 0.8729,                 0.8104,                0.88533,                0.53965,                 1.4646,                0.68478,                 1.0036,               0.009406,               0.009406,               0.009406
                     15,                 1.4987,                0.71198,                 1.0165,                0.87361,                0.80255,                0.86896,                0.54069,                 1.4435,                0.67664,                0.99928,              0.0093565,              0.0093565,              0.0093565
                     16,                 1.4867,                0.70651,                 1.0085,                0.88441,                0.81541,                0.88148,                0.54424,                 1.4449,                0.65851,                 1.0027,               0.009307,               0.009307,               0.009307
                     17,                 1.4769,                0.69785,                 1.0081,                0.88252,                0.79621,                0.86309,                0.53209,                 1.4556,                0.67832,                  1.002,              0.0092575,              0.0092575,              0.0092575
                     18,                 1.4862,                0.69668,                 1.0038,                0.89463,                0.80603,                0.88682,                0.55113,                 1.4468,                0.65955,                 1.0007,               0.009208,               0.009208,               0.009208
                     19,                 1.4795,                0.69437,                 1.0059,                0.88007,                0.81293,                0.88815,                0.55349,                 1.4454,                0.65959,                 0.9996,              0.0091585,              0.0091585,              0.0091585
                     20,                   1.48,                0.68996,                  1.009,                0.89142,                0.79916,                0.86276,                0.54074,                 1.4374,                0.65433,                 1.0002,               0.009109,               0.009109,               0.009109
                     21,                 1.4666,                0.68361,                 1.0059,                0.88501,                0.82471,                0.89498,                0.55523,                 1.4352,                0.64902,                0.99761,              0.0090595,              0.0090595,              0.0090595
                     22,                  1.474,                0.68239,                 1.0046,                0.88605,                0.81141,                0.87657,                 0.5496,                 1.4299,                  0.646,                0.99765,                0.00901,                0.00901,                0.00901
                     23,                 1.4609,                0.68093,                 1.0037,                 0.8938,                0.83059,                0.89975,                0.56085,                 1.4326,                0.63986,                0.99368,              0.0089605,              0.0089605,              0.0089605
                     24,                  1.465,                0.67676,                 1.0043,                 0.8909,                0.82728,                0.90206,                0.56406,                 1.4302,                0.64656,                0.99391,               0.008911,               0.008911,               0.008911
                     25,                 1.4514,                0.67072,                0.99892,                0.89599,                0.83095,                0.89816,                0.56252,                  1.423,                0.63643,                0.99407,              0.0088615,              0.0088615,              0.0088615
                     26,                 1.4601,                0.66893,                 1.0012,                0.89017,                0.80444,                0.87145,                0.54871,                 1.4335,                 0.6476,                0.99312,               0.008812,               0.008812,               0.008812
                     27,                 1.4585,                0.66649,                0.99762,                0.87571,                0.82476,                0.88275,                0.56175,                 1.4152,                0.63514,                0.98788,              0.0087625,              0.0087625,              0.0087625
                     28,                 1.4449,                0.66354,                0.99838,                0.89475,                0.82818,                0.89393,                0.56154,                 1.4218,                0.63192,                0.99475,               0.008713,               0.008713,               0.008713
                     29,                 1.4532,                 0.6631,                0.99767,                0.89968,                0.82123,                0.90632,                0.57609,                 1.4159,                0.63186,                0.98847,              0.0086635,              0.0086635,              0.0086635
                     30,                 1.4476,                0.66081,                0.99607,                0.89934,                0.83009,                0.90401,                0.57163,                 1.4249,                0.62199,                0.99259,               0.008614,               0.008614,               0.008614
                     31,                 1.4482,                0.65966,                0.99309,                0.88697,                0.83484,                0.89902,                0.55996,                 1.4189,                0.63318,                 0.9892,              0.0085645,              0.0085645,              0.0085645
                     32,                 1.4419,                0.65365,                0.99707,                0.89247,                0.82995,                 0.8928,                0.56599,                  1.428,                0.61904,                0.99193,               0.008515,               0.008515,               0.008515
                     33,                  1.439,                0.65397,                0.99502,                0.89859,                0.83863,                0.91796,                0.57655,                 1.4175,                0.61008,                0.98986,              0.0084655,              0.0084655,              0.0084655
                     34,                 1.4385,                0.64994,                0.99012,                0.89993,                0.82001,                0.89783,                0.57015,                 1.4185,                0.61959,                0.98833,               0.008416,               0.008416,               0.008416
                     35,                 1.4264,                0.64836,                 0.9927,                0.89227,                0.84038,                 0.9149,                0.57986,                 1.4148,                0.61594,                0.99049,              0.0083665,              0.0083665,              0.0083665
                     36,                 1.4384,                0.65053,                0.99247,                 0.8923,                0.82682,                0.89308,                0.56491,                 1.4105,                0.61496,                0.98687,               0.008317,               0.008317,               0.008317
                     37,                 1.4291,                0.64769,                0.98935,                0.89381,                0.84277,                0.91322,                0.57827,                 1.4067,                0.61596,                0.98417,              0.0082675,              0.0082675,              0.0082675
                     38,                 1.4291,                0.64305,                0.98846,                0.90297,                0.82638,                0.89431,                0.56943,                 1.4061,                0.61424,                0.98535,               0.008218,               0.008218,               0.008218
                     39,                 1.4306,                0.64114,                0.99134,                0.88718,                0.84186,                0.90583,                0.57375,                 1.4164,                0.61328,                 0.9908,              0.0081685,              0.0081685,              0.0081685
                     40,                 1.4194,                0.63942,                0.98947,                0.89532,                0.83345,                0.90451,                 0.5743,                 1.4048,                0.60998,                0.98462,               0.008119,               0.008119,               0.008119
                     41,                 1.4262,                0.64324,                0.98824,                0.89394,                0.84218,                0.90499,                0.57693,                 1.4123,                0.61044,                0.98667,              0.0080695,              0.0080695,              0.0080695
                     42,                 1.4254,                0.63871,                 0.9862,                0.89232,                0.84217,                0.90583,                0.58038,                 1.4102,                0.60425,                0.98534,                0.00802,                0.00802,                0.00802
                     43,                 1.4219,                 0.6371,                0.98865,                0.88958,                0.83719,                    0.9,                0.57243,                  1.402,                0.60704,                0.98545,              0.0079705,              0.0079705,              0.0079705
                     44,                 1.4212,                0.63736,                0.98692,                0.89496,                 0.8456,                0.91315,                0.57686,                 1.4056,                 0.6029,                0.98598,               0.007921,               0.007921,               0.007921
                     45,                 1.4133,                0.63215,                0.98689,                0.90367,                0.83448,                0.90662,                0.57896,                 1.4094,                0.60449,                0.98512,              0.0078715,              0.0078715,              0.0078715
                     46,                 1.4162,                0.62969,                0.98453,                0.90243,                0.84193,                0.91597,                0.58297,                 1.3969,                0.60008,                0.98365,               0.007822,               0.007822,               0.007822
                     47,                 1.4114,                0.62913,                0.98683,                0.90544,                0.83859,                0.90403,                0.57897,                 1.3998,                0.59801,                0.98496,              0.0077725,              0.0077725,              0.0077725
                     48,                 1.4107,                0.62747,                0.98357,                0.90673,                0.84676,                0.90617,                0.57897,                  1.401,                0.59323,                0.98513,               0.007723,               0.007723,               0.007723
                     49,                 1.4211,                0.62839,                0.98511,                0.89201,                0.84933,                0.90813,                0.57968,                 1.3999,                0.59485,                0.98023,              0.0076735,              0.0076735,              0.0076735
                     50,                 1.4087,                0.62758,                0.98238,                0.89627,                0.83393,                0.91088,                0.58271,                 1.3982,                0.59696,                0.98288,               0.007624,               0.007624,               0.007624
                     51,                 1.4076,                0.62745,                0.98244,                0.90485,                0.84397,                0.91595,                0.58354,                 1.4056,                0.59154,                0.98399,              0.0075745,              0.0075745,              0.0075745
                     52,                 1.4089,                0.62456,                 0.9827,                0.89385,                0.85973,                 0.9186,                0.58776,                 1.3956,                0.58936,                0.98049,               0.007525,               0.007525,               0.007525
                     53,                   1.41,                0.62443,                0.97991,                 0.9015,                0.83418,                0.89758,                 0.5729,                 1.3942,                 0.5961,                0.98026,              0.0074755,              0.0074755,              0.0074755
                     54,                 1.4025,                0.61969,                0.98182,                0.90692,                0.85104,                0.92108,                0.58978,                 1.3983,                0.58699,                0.98204,               0.007426,               0.007426,               0.007426
                     55,                 1.4075,                0.61982,                0.98052,                0.90416,                0.84353,                 0.9152,                 0.5843,                 1.3955,                0.59183,                0.98279,              0.0073765,              0.0073765,              0.0073765
                     56,                 1.3985,                0.61995,                0.98236,                0.90048,                0.85528,                0.91713,                0.58674,                 1.3903,                0.58712,                0.98206,               0.007327,               0.007327,               0.007327
                     57,                 1.3961,                0.61689,                0.98017,                0.89598,                0.85596,                0.92487,                0.59192,                 1.3894,                0.58541,                0.98037,              0.0072775,              0.0072775,              0.0072775
                     58,                 1.3987,                0.61749,                0.98084,                0.89965,                0.85325,                0.91071,                0.58254,                 1.3913,                0.58867,                0.97974,               0.007228,               0.007228,               0.007228
                     59,                 1.4011,                0.61734,                0.97976,                0.90595,                0.85267,                0.92106,                0.59049,                 1.3915,                 0.5821,                0.97916,              0.0071785,              0.0071785,              0.0071785
                     60,                 1.3907,                0.61401,                 0.9783,                  0.907,                0.85444,                0.92235,                 0.5925,                 1.3917,                0.58025,                0.97915,               0.007129,               0.007129,               0.007129
                     61,                 1.3924,                0.61195,                 0.9749,                0.90181,                0.84814,                0.92082,                0.58993,                 1.3881,                0.57989,                0.97892,              0.0070795,              0.0070795,              0.0070795
                     62,                 1.3958,                0.61418,                0.97721,                0.90841,                0.84543,                0.92213,                0.58823,                 1.3986,                0.58475,                0.98148,                0.00703,                0.00703,                0.00703
                     63,                 1.3875,                0.60926,                0.97553,                0.91288,                  0.843,                0.92107,                0.58936,                 1.3942,                0.58018,                0.97783,              0.0069805,              0.0069805,              0.0069805
                     64,                 1.3877,                0.61005,                0.97442,                0.90378,                0.85411,                0.92514,                0.59316,                 1.3854,                0.57904,                0.97707,               0.006931,               0.006931,               0.006931
                     65,                 1.3785,                0.60844,                0.97795,                0.90554,                0.86457,                0.92677,                0.59336,                 1.3881,                0.57471,                0.97949,              0.0068815,              0.0068815,              0.0068815
                     66,                  1.386,                0.60709,                0.97279,                0.90669,                0.85273,                0.92302,                0.59295,                  1.389,                0.57639,                 0.9789,               0.006832,               0.006832,               0.006832
                     67,                 1.3824,                0.60633,                0.97553,                0.90976,                0.85287,                0.92293,                0.59324,                 1.3908,                0.57753,                0.97754,              0.0067825,              0.0067825,              0.0067825
                     68,                 1.3882,                 0.6063,                 0.9724,                0.90534,                0.85059,                0.92218,                0.58965,                 1.3889,                 0.5763,                0.98119,               0.006733,               0.006733,               0.006733
                     69,                 1.3811,                0.60445,                 0.9742,                0.90615,                0.84395,                0.92078,                0.59299,                 1.3881,                 0.5773,                0.97832,              0.0066835,              0.0066835,              0.0066835
                     70,                  1.379,                0.60448,                0.97372,                0.90618,                0.85566,                0.92195,                0.59118,                 1.3899,                0.57541,                0.97994,               0.006634,               0.006634,               0.006634
                     71,                 1.3827,                0.60321,                0.97325,                0.90398,                0.85705,                0.92173,                0.59344,                 1.3838,                0.57096,                0.97699,              0.0065845,              0.0065845,              0.0065845
                     72,                 1.3817,                0.60231,                0.97278,                0.90585,                0.85478,                0.92921,                 0.5968,                 1.3855,                0.57236,                0.97772,               0.006535,               0.006535,               0.006535
                     73,                 1.3778,                 0.6026,                0.97464,                0.90564,                0.85891,                0.92844,                0.59784,                 1.3807,                 0.5716,                0.97622,              0.0064855,              0.0064855,              0.0064855
                     74,                 1.3804,                0.60033,                0.97053,                0.90397,                0.86083,                0.92736,                0.59973,                 1.3825,                0.56915,                0.97637,               0.006436,               0.006436,               0.006436
                     75,                 1.3861,                0.60162,                0.97269,                0.90903,                0.85711,                0.92608,                0.59841,                 1.3842,                0.57224,                0.97754,              0.0063865,              0.0063865,              0.0063865
                     76,                 1.3848,                0.60123,                0.97113,                0.90252,                 0.8741,                0.92864,                0.59886,                 1.3848,                0.56922,                0.97673,               0.006337,               0.006337,               0.006337
                     77,                 1.3781,                0.59834,                0.97294,                0.89949,                0.86708,                0.92621,                 0.5985,                 1.3871,                0.56998,                 0.9782,              0.0062875,              0.0062875,              0.0062875
                     78,                 1.3747,                0.59844,                0.96819,                0.89993,                0.86689,                0.92776,                0.59849,                 1.3857,                0.56992,                0.97667,               0.006238,               0.006238,               0.006238
                     79,                 1.3696,                0.59448,                0.96692,                0.89939,                  0.865,                0.92554,                0.59761,                 1.3863,                 0.5691,                0.97712,              0.0061885,              0.0061885,              0.0061885
                     80,                 1.3676,                0.59636,                0.97111,                0.89321,                0.87007,                 0.9262,                0.59718,                 1.3823,                0.57156,                0.97687,               0.006139,               0.006139,               0.006139
                     81,                  1.375,                0.59647,                 0.9697,                0.91436,                0.85132,                0.92431,                0.59742,                 1.3821,                0.57015,                0.97701,              0.0060895,              0.0060895,              0.0060895
                     82,                 1.3593,                0.59154,                 0.9679,                0.90974,                0.84972,                0.92029,                0.59572,                  1.382,                0.56999,                0.97656,                0.00604,                0.00604,                0.00604
                     83,                 1.3617,                0.59052,                0.96974,                0.90888,                0.86576,                0.93095,                0.60214,                 1.3837,                0.56655,                0.97595,              0.0059905,              0.0059905,              0.0059905
                     84,                 1.3596,                0.58791,                0.96782,                0.89881,                0.86999,                0.92982,                0.59996,                  1.385,                 0.5688,                0.97678,               0.005941,               0.005941,               0.005941
                     85,                 1.3706,                0.59305,                0.96739,                0.90799,                0.86945,                0.93132,                0.60041,                 1.3841,                0.56845,                 0.9775,              0.0058915,              0.0058915,              0.0058915
                     86,                 1.3534,                0.58715,                0.96649,                 0.9011,                0.86794,                0.92826,                0.60035,                 1.3834,                0.56876,                0.97745,               0.005842,               0.005842,               0.005842
                     87,                 1.3603,                0.58863,                0.96608,                 0.8997,                0.86948,                0.92821,                0.60221,                 1.3833,                0.56948,                0.97672,              0.0057925,              0.0057925,              0.0057925
                     88,                 1.3518,                0.58629,                0.96446,                0.90533,                0.86827,                0.92948,                0.60288,                 1.3834,                0.56811,                0.97528,               0.005743,               0.005743,               0.005743
                     89,                 1.3663,                0.58935,                0.96594,                0.90012,                 0.8774,                0.93086,                0.60342,                 1.3836,                0.56791,                0.97604,              0.0056935,              0.0056935,              0.0056935
                     90,                 1.3543,                0.58618,                0.96511,                0.89645,                0.87389,                0.92987,                0.60357,                 1.3807,                0.56433,                0.97545,               0.005644,               0.005644,               0.005644
                     91,                 1.3532,                0.58477,                0.96545,                0.90172,                0.87267,                0.93018,                  0.603,                  1.381,                0.56545,                0.97556,              0.0055945,              0.0055945,              0.0055945
                     92,                 1.3612,                0.58625,                0.96494,                0.90272,                0.86768,                0.92956,                0.60233,                 1.3831,                0.56643,                0.97712,               0.005545,               0.005545,               0.005545
                     93,                 1.3539,                0.58424,                0.96433,                0.90599,                0.86307,                0.92948,                0.59934,                 1.3862,                0.56686,                0.97719,              0.0054955,              0.0054955,              0.0054955
                     94,                 1.3617,                0.58836,                 0.9635,                0.89869,                0.87891,                0.92899,                0.60102,                  1.382,                0.56679,                0.97536,               0.005446,               0.005446,               0.005446
                     95,                 1.3497,                0.58288,                0.96428,                 0.9098,                0.85619,                0.92627,                0.59992,                 1.3823,                0.56691,                 0.9766,              0.0053965,              0.0053965,              0.0053965
                     96,                 1.3502,                0.58019,                0.96045,                0.90887,                0.85468,                0.92601,                0.59806,                 1.3838,                0.56804,                0.97657,               0.005347,               0.005347,               0.005347
                     97,                 1.3479,                0.58126,                0.96287,                0.90681,                0.85048,                0.92273,                0.59629,                 1.3835,                0.56749,                0.97603,              0.0052975,              0.0052975,              0.0052975
                     98,                 1.3558,                0.58252,                0.96058,                0.90401,                 0.8556,                 0.9241,                0.59896,                 1.3837,                0.56723,                0.97591,               0.005248,               0.005248,               0.005248
                     99,                 1.3467,                0.58193,                0.96141,                0.89556,                0.87527,                0.92888,                0.60184,                 1.3853,                0.56481,                0.97688,              0.0051985,              0.0051985,              0.0051985
                    100,                 1.3426,                0.57754,                0.95823,                0.89605,                0.87355,                0.92994,                0.60128,                 1.3852,                0.56463,                0.97703,               0.005149,               0.005149,               0.005149
                    101,                 1.3452,                0.57966,                0.96089,                0.90065,                0.86737,                0.92864,                0.60105,                 1.3841,                0.56413,                0.97634,              0.0050995,              0.0050995,              0.0050995
                    102,                 1.3424,                0.57648,                0.95844,                0.90742,                0.85252,                0.92668,                 0.6008,                  1.383,                0.56361,                0.97509,                0.00505,                0.00505,                0.00505
                    103,                 1.3397,                0.57461,                 0.9614,                0.90324,                0.85221,                0.92369,                 0.5998,                 1.3819,                 0.5654,                0.97511,              0.0050005,              0.0050005,              0.0050005
                    104,                 1.3403,                0.57786,                0.95631,                 0.9055,                0.85159,                0.92554,                0.60034,                  1.383,                 0.5645,                0.97639,               0.004951,               0.004951,               0.004951
                    105,                  1.347,                0.57872,                0.96099,                0.90713,                0.85884,                0.92721,                0.60071,                 1.3843,                0.56227,                0.97571,              0.0049015,              0.0049015,              0.0049015
                    106,                 1.3378,                0.57424,                0.95963,                0.90632,                0.85678,                0.92836,                0.60205,                 1.3839,                0.56355,                 0.9751,               0.004852,               0.004852,               0.004852
                    107,                 1.3359,                0.57405,                0.95842,                0.91727,                0.85229,                0.93043,                0.60089,                 1.3839,                 0.5617,                0.97562,              0.0048025,              0.0048025,              0.0048025
                    108,                 1.3417,                0.57563,                0.95808,                0.90601,                0.86568,                0.93044,                0.60226,                  1.384,                0.56163,                0.97633,               0.004753,               0.004753,               0.004753
                    109,                 1.3288,                0.57122,                0.95725,                0.89787,                0.87291,                0.93096,                0.60143,                 1.3849,                0.56107,                0.97651,              0.0047035,              0.0047035,              0.0047035
                    110,                 1.3291,                0.56958,                0.95627,                0.90406,                0.86795,                0.92938,                0.60161,                 1.3869,                0.56171,                0.97664,               0.004654,               0.004654,               0.004654
                    111,                 1.3266,                0.56656,                0.95546,                 0.8982,                0.87369,                0.93046,                 0.6027,                 1.3873,                0.56212,                0.97708,              0.0046045,              0.0046045,              0.0046045
                    112,                 1.3306,                0.56955,                0.95559,                0.89348,                0.87669,                0.93125,                0.60444,                 1.3867,                0.56102,                0.97658,               0.004555,               0.004555,               0.004555
                    113,                 1.3364,                0.57228,                0.95789,                0.89955,                0.87161,                0.93195,                 0.6042,                 1.3858,                0.56042,                0.97615,              0.0045055,              0.0045055,              0.0045055
                    114,                 1.3283,                0.56723,                0.95662,                    0.9,                0.87191,                0.93174,                0.60413,                 1.3859,                0.56037,                0.97615,               0.004456,               0.004456,               0.004456
                    115,                 1.3207,                0.56442,                0.95123,                0.90012,                0.86714,                0.93051,                0.60281,                 1.3868,                0.56111,                0.97607,              0.0044065,              0.0044065,              0.0044065
                    116,                 1.3225,                0.56436,                0.95412,                 0.9008,                0.86879,                0.93081,                0.60375,                 1.3858,                 0.5609,                0.97566,               0.004357,               0.004357,               0.004357
                    117,                 1.3282,                0.56581,                0.95276,                0.89799,                0.87128,                 0.9309,                0.60165,                 1.3864,                0.56192,                0.97647,              0.0043075,              0.0043075,              0.0043075
                    118,                 1.3328,                0.56722,                0.95612,                 0.8949,                 0.8761,                0.93025,                0.60076,                  1.388,                0.56243,                0.97766,               0.004258,               0.004258,               0.004258
                    119,                 1.3262,                0.56636,                0.95574,                0.90384,                0.86549,                0.93065,                0.60177,                 1.3881,                0.56097,                0.97832,              0.0042085,              0.0042085,              0.0042085
                    120,                 1.3241,                0.56422,                0.95127,                0.89529,                0.87321,                0.93085,                0.60161,                 1.3869,                0.55926,                0.97778,               0.004159,               0.004159,               0.004159
                    121,                 1.3277,                0.56255,                0.95718,                0.90807,                 0.8633,                0.93039,                0.60242,                 1.3867,                0.55937,                0.97786,              0.0041095,              0.0041095,              0.0041095
                    122,                 1.3186,                0.56291,                0.95117,                0.90742,                0.86438,                0.93043,                0.60314,                 1.3854,                0.55853,                0.97762,                0.00406,                0.00406,                0.00406
                    123,                 1.3156,                0.56158,                0.95575,                0.90651,                0.86343,                0.93075,                0.60299,                 1.3844,                0.55807,                0.97762,              0.0040105,              0.0040105,              0.0040105
                    124,                 1.3193,                0.56378,                0.95213,                0.90643,                0.86852,                0.93191,                0.60333,                 1.3841,                0.55853,                0.97717,               0.003961,               0.003961,               0.003961
                    125,                 1.3147,                0.55904,                0.94889,                0.89625,                0.87581,                0.93129,                0.60408,                 1.3834,                0.55836,                0.97635,              0.0039115,              0.0039115,              0.0039115
                    126,                 1.3092,                0.55775,                0.95123,                0.89537,                0.87756,                0.93158,                0.60477,                 1.3836,                0.55716,                0.97633,               0.003862,               0.003862,               0.003862
                    127,                  1.311,                0.55889,                0.95061,                 0.9001,                0.87595,                0.93123,                0.60541,                 1.3839,                0.55711,                 0.9765,              0.0038125,              0.0038125,              0.0038125
                    128,                 1.3107,                0.55878,                0.95053,                0.90036,                0.87193,                0.93074,                0.60402,                 1.3849,                0.55707,                 0.9767,               0.003763,               0.003763,               0.003763
                    129,                 1.3049,                0.55372,                0.95152,                0.89838,                0.87294,                0.93019,                0.60363,                 1.3852,                0.55771,                0.97685,              0.0037135,              0.0037135,              0.0037135
                    130,                 1.3188,                0.55834,                0.94967,                0.90538,                0.86238,                0.92797,                 0.6023,                 1.3857,                  0.558,                0.97691,               0.003664,               0.003664,               0.003664
                    131,                 1.3067,                0.55599,                0.94843,                  0.903,                0.86476,                0.92858,                0.60294,                 1.3864,                0.55882,                0.97704,              0.0036145,              0.0036145,              0.0036145
                    132,                 1.3085,                0.55364,                0.94825,                0.90618,                 0.8615,                0.92748,                0.60264,                 1.3863,                0.55885,                0.97684,               0.003565,               0.003565,               0.003565
                    133,                  1.303,                 0.5526,                0.94994,                0.90708,                0.86477,                0.92997,                0.60356,                 1.3871,                0.55809,                0.97701,              0.0035155,              0.0035155,              0.0035155
                    134,                 1.3016,                0.55299,                0.94957,                0.90824,                0.86401,                0.92928,                0.60379,                 1.3875,                0.55826,                0.97704,               0.003466,               0.003466,               0.003466
                    135,                 1.2983,                 0.5523,                0.94665,                0.91244,                 0.8623,                0.92941,                0.60365,                 1.3881,                0.55825,                0.97691,              0.0034165,              0.0034165,              0.0034165
                    136,                  1.302,                0.55387,                0.94827,                0.90985,                0.86418,                0.92912,                0.60307,                 1.3886,                0.55864,                0.97711,               0.003367,               0.003367,               0.003367
                    137,                 1.2946,                0.54798,                 0.9459,                0.90586,                0.86487,                0.92855,                0.60275,                 1.3884,                0.55813,                0.97694,              0.0033175,              0.0033175,              0.0033175
                    138,                 1.2969,                0.55002,                0.94625,                0.89891,                 0.8703,                0.92819,                0.60262,                 1.3892,                0.55805,                0.97707,               0.003268,               0.003268,               0.003268
                    139,                 1.3068,                0.55111,                0.94621,                0.89683,                0.87208,                0.92856,                0.60275,                 1.3894,                0.55846,                 0.9774,              0.0032185,              0.0032185,              0.0032185
                    140,                 1.3034,                0.55234,                0.94689,                 0.8987,                0.87164,                0.92896,                0.60254,                 1.3892,                0.55834,                0.97741,               0.003169,               0.003169,               0.003169
                    141,                 1.2937,                0.54898,                0.94402,                0.89798,                0.87246,                0.92824,                0.60211,                 1.3891,                0.55812,                0.97738,              0.0031195,              0.0031195,              0.0031195
                    142,                  1.294,                0.54911,                0.94486,                0.89599,                0.87477,                0.92849,                0.60221,                 1.3896,                0.55757,                0.97731,                0.00307,                0.00307,                0.00307
                    143,                 1.2864,                0.54503,                0.94383,                0.89677,                0.87585,                0.92853,                0.60214,                 1.3897,                 0.5569,                0.97735,              0.0030205,              0.0030205,              0.0030205
                    144,                 1.2963,                0.54969,                0.94725,                0.89713,                 0.8769,                0.92861,                0.60325,                 1.3896,                0.55723,                0.97734,               0.002971,               0.002971,               0.002971
                    145,                 1.3008,                0.55106,                0.94458,                0.89653,                0.87845,                 0.9291,                0.60323,                 1.3902,                0.55736,                0.97767,              0.0029215,              0.0029215,              0.0029215
                    146,                 1.2893,                0.54518,                0.94234,                  0.901,                0.87568,                0.93045,                0.60293,                 1.3902,                 0.5576,                0.97767,               0.002872,               0.002872,               0.002872
                    147,                 1.2892,                0.54456,                0.94459,                0.89814,                0.87792,                0.93042,                0.60303,                   1.39,                0.55748,                 0.9778,              0.0028225,              0.0028225,              0.0028225
                    148,                 1.2818,                0.54367,                0.94042,                0.89852,                0.87902,                0.93079,                0.60361,                 1.3901,                0.55751,                0.97806,               0.002773,               0.002773,               0.002773
                    149,                  1.295,                0.54663,                0.94138,                0.90047,                0.87876,                 0.9312,                0.60373,                 1.3903,                0.55766,                 0.9781,              0.0027235,              0.0027235,              0.0027235
                    150,                 1.2883,                0.54367,                0.94006,                0.89981,                0.87864,                0.93066,                0.60329,                 1.3908,                  0.558,                0.97814,               0.002674,               0.002674,               0.002674
                    151,                 1.2928,                0.54245,                0.93697,                0.90259,                0.87613,                0.93073,                 0.6032,                 1.3905,                0.55821,                 0.9781,              0.0026245,              0.0026245,              0.0026245
                    152,                 1.2807,                0.53801,                0.94117,                0.90331,                0.87625,                0.93102,                0.60319,                 1.3902,                0.55796,                0.97813,               0.002575,               0.002575,               0.002575
                    153,                 1.2849,                0.54227,                0.93894,                0.90585,                0.87434,                0.93091,                0.60274,                 1.3901,                0.55799,                0.97817,              0.0025255,              0.0025255,              0.0025255
                    154,                 1.2852,                0.54088,                0.93897,                0.90514,                0.87637,                0.93123,                0.60247,                 1.3902,                0.55777,                0.97814,               0.002476,               0.002476,               0.002476
                    155,                 1.2704,                0.53543,                0.94272,                0.90585,                0.87604,                0.93136,                0.60184,                 1.3905,                 0.5577,                0.97821,              0.0024265,              0.0024265,              0.0024265
                    156,                 1.2753,                 0.5374,                0.93945,                0.90606,                0.87527,                 0.9313,                0.60149,                 1.3908,                0.55808,                 0.9783,               0.002377,               0.002377,               0.002377
                    157,                 1.2788,                0.53739,                0.93786,                0.90674,                0.87387,                0.93134,                0.60201,                 1.3911,                0.55792,                 0.9784,              0.0023275,              0.0023275,              0.0023275
                    158,                 1.2792,                0.53878,                0.94041,                0.90772,                0.87404,                 0.9318,                0.60293,                 1.3913,                0.55795,                0.97865,               0.002278,               0.002278,               0.002278
                    159,                 1.2825,                0.54144,                0.93898,                0.90757,                0.87488,                0.93181,                0.60237,                 1.3912,                0.55811,                0.97857,              0.0022285,              0.0022285,              0.0022285
                    160,                 1.2609,                0.53293,                 0.9391,                0.90746,                0.87421,                0.93172,                0.60277,                 1.3913,                0.55812,                0.97869,               0.002179,               0.002179,               0.002179
                    161,                 1.2745,                0.53674,                0.93897,                0.90596,                0.87577,                0.93203,                0.60279,                 1.3914,                0.55817,                0.97874,              0.0021295,              0.0021295,              0.0021295
                    162,                 1.2658,                0.53256,                0.93639,                0.90749,                0.87476,                0.93273,                0.60291,                 1.3915,                0.55812,                0.97885,                0.00208,                0.00208,                0.00208
                    163,                 1.2612,                0.53042,                0.93885,                0.90719,                 0.8741,                0.93224,                0.60281,                 1.3919,                0.55807,                0.97898,              0.0020305,              0.0020305,              0.0020305
                    164,                 1.2732,                0.53499,                0.93619,                0.90616,                0.87578,                0.93215,                0.60296,                 1.3921,                0.55799,                0.97908,               0.001981,               0.001981,               0.001981
                    165,                 1.2619,                0.53219,                0.93666,                0.90499,                0.87903,                0.93211,                0.60317,                 1.3923,                0.55812,                0.97902,              0.0019315,              0.0019315,              0.0019315
                    166,                 1.2675,                0.53226,                0.93714,                0.90495,                0.87966,                0.93197,                0.60306,                 1.3924,                0.55791,                0.97919,               0.001882,               0.001882,               0.001882
                    167,                 1.2659,                0.53225,                0.93748,                0.90569,                0.87923,                0.93219,                0.60314,                 1.3925,                0.55848,                0.97926,              0.0018325,              0.0018325,              0.0018325
                    168,                 1.2626,                0.53064,                0.93345,                0.90601,                0.87919,                0.93213,                0.60336,                 1.3928,                0.55846,                0.97938,               0.001783,               0.001783,               0.001783
                    169,                  1.256,                0.52789,                0.93453,                 0.9065,                0.87775,                0.93243,                0.60341,                 1.3928,                0.55842,                0.97954,              0.0017335,              0.0017335,              0.0017335
                    170,                 1.2555,                 0.5284,                0.93229,                0.90907,                0.87495,                0.93191,                0.60314,                 1.3932,                0.55847,                0.97955,               0.001684,               0.001684,               0.001684
                    171,                 1.2646,                0.52916,                0.93319,                0.90876,                0.87589,                  0.932,                0.60386,                 1.3932,                0.55837,                0.97957,              0.0016345,              0.0016345,              0.0016345
                    172,                  1.259,                0.52769,                0.93285,                0.90768,                0.87498,                0.93192,                0.60424,                 1.3932,                 0.5585,                0.97958,               0.001585,               0.001585,               0.001585
                    173,                 1.2574,                0.52685,                0.93302,                0.90827,                0.87584,                0.93247,                0.60387,                 1.3932,                0.55816,                0.97969,              0.0015355,              0.0015355,              0.0015355
                    174,                 1.2576,                0.52674,                 0.9324,                0.90833,                 0.8766,                0.93216,                0.60341,                 1.3935,                0.55826,                 0.9798,               0.001486,               0.001486,               0.001486
                    175,                  1.255,                0.52771,                0.93163,                0.90906,                0.87593,                0.93214,                0.60324,                 1.3935,                0.55837,                0.97975,              0.0014365,              0.0014365,              0.0014365
                    176,                 1.2426,                 0.5206,                0.93066,                0.90855,                0.87542,                0.93194,                0.60341,                 1.3935,                0.55868,                0.97979,               0.001387,               0.001387,               0.001387
                    177,                 1.2473,                0.52312,                0.93156,                 0.9078,                0.87638,                0.93189,                0.60363,                 1.3936,                0.55892,                0.97978,              0.0013375,              0.0013375,              0.0013375
